Column1,Column2,Column3
0.22439860639126105,0.256830872724862,0.2642672338298129
0.01064700240887956,0.00922107064080921,0.00962952039743708
0.0006163902426174665,0.0005106463357214336,0.0004825851195739972
