Column1,Column2,Column3
0.12574147209115827,0.12858103468861615,0.12891138014026188
0.00299566799391595,0.002845508920741202,0.002856863727898417
0.0001664240397411718,0.0001559285020366468,0.00015098309708953348
