Column1,Column2,Column3
0.2563639196454,0.33070801040464726,0.37110367760757856
0.01389500516397341,0.011865973016088285,0.012587245462991054
0.0008144422418252512,0.0006782719321300533,0.0006322707595696707
