Column1,Column2,Column3
0.27812773322707524,0.328881060241631,0.33929104404826566
0.015184723320608204,0.012779758853872301,0.012993959425656287
0.0008919533628813138,0.0007207106559845315,0.000644659439281413
