Column1,Column2,Column3
0.23011972619025511,0.2537516767426753,0.29892014369998415
0.011837097566415683,0.01042095227213796,0.010936524094596575
0.0006924817079453462,0.0006192230285276545,0.000568251131596675
