Column1,Column2,Column3
0.2633743783021283,0.30732143922199706,0.31790967521636987
0.01402283227452391,0.011823196707233329,0.012184765179395828
0.0008216600832685874,0.0006649062863636842,0.0006105780182114929
