Column1,Column2,Column3
4.763833639707554e-8,1.2671155674305218e-6,1.7520774666053022e-6
9.975858261109863e-7,5.454684726188815e-5,8.708038182334012e-5
3.786363916250642e-8,1.010071697475585e-6,1.4205534604723741e-6
