Column1,Column2,Column3
1.8031885973607726e-8,1.1567169329205254e-6,1.495049623272614e-8
3.0701608288503136e-7,6.251406271853718e-5,3.955629759564679e-7
1.4267310612853609e-8,9.328725457874227e-7,1.1048004943337186e-8
