Column1,Column2,Column3
0.0949548376512787,0.09511004661141309,0.09674442862876363
0.001014808587022643,0.0010050003391951542,0.0010307678574599907
5.847213391666562e-5,5.794587836404254e-5,5.659060105437798e-5
