Column1,Column2,Column3
0.3966156400703068,0.46084743311247084,0.5856616756472544
0.02606354076493475,0.020589118885158332,0.022104155697898416
0.0015804304383324828,0.0012131601899291878,0.0009829373596274506
