Column1,Column2,Column3,Column4,Column5,Column6,Column7,Column8
1.052134943218596,0.3404130780322182,0.3884295748538884,0.5684335241764215,0.18496536880459952,0.2706810275189262,0.152674482195143,0.04933761631627296
1.0327835433406298,4.0320079582478465,0.9295882547973181,1.576725701876511,1.017035003095723,1.6387528174302557,0.49534537530795014,0.22408571211711076
1.029824979848124,0.8123415883033936,1.0898281402342482,1.9069997160648575,0.49802883244549645,0.9489952858608341,0.3213261590973909,0.07626002670393606
1.004707297412804,0.9185714602647141,1.271333144043235,3.522329940147746,0.6326635239072225,2.09809469760877,0.34453529415389506,0.07441367638861435
0.4496857139742366,0.8149885280191829,0.4566905462527666,0.8702250698276877,0.7692687680660701,1.3720096904972816,0.34852526163905845,0.14231784687074062
0.43871776973096266,0.8754629830172941,0.5801500465517917,1.923944862461034,0.914673126998188,2.649636019628704,0.3748942627803425,0.13885308243007724
0.40188401453524236,0.42977318626555416,0.3190283123107537,0.513107213559097,0.3773547925735536,0.608857501906128,1.0978768813045832,0.15892689715352726
0.056153622100955786,0.08406412667305999,0.03273749402430075,0.04791731772314159,0.0666254734817962,0.09750518889292659,0.06871677039060725,0.14680307368585707
