Column1,Column2
0.404135045779323,Infections
0.021933408424671286,YLL
0.0012506212680993812,Deaths
