Column1,Column2
0.4511944530384694,Infections
0.02514912856926498,YLL
0.001440838855018597,Deaths
