Column1,Column2,Column3
0.3820358704017656,0.5165011003865747,0.5954286371094969
0.022203650459257783,0.017534377232369603,0.018711890841514454
0.001321382820461301,0.0010392693385871108,0.0007968601934183644
