Column1,Column2,Column3
0.37061256499526696,0.4466560185191231,0.5222961126728132
0.02229274475473437,0.01921908101316857,0.020582474652945496
0.0013163715349459944,0.0011330425802840833,0.0009478567962016456
