Column1,Column2
0.49032105502141404,Infections
0.024751330205301833,YLL
0.0014380831093743576,Deaths
