Column1,Column2,Column3
0.3009629279753059,0.34969168408846973,0.43316572432266875
0.017286201891727263,0.014965161846231811,0.016837336196918445
0.0010140331645180462,0.0008742038965541099,0.0007779778740615341
