Column1,Column2,Column3
0.12471856217243292,0.13194719656254156,0.1329635638882601
0.003607398243081897,0.00323471072276467,0.0032863873130050134
0.00021089432623192558,0.00018820765074993573,0.0001787052472884845
