Column1,Column2,Column3
0.3829148027031797,0.44717187219535315,0.5133792242833215
0.02332424817310792,0.020451638997069428,0.02158687953236059
0.0013781751221264306,0.0011978744732039012,0.0010204073326673113
