Column1,Column2,Column3
0.17356592374679308,0.18834722060566353,0.21164313674371593
0.007508191071374976,0.0066596418809912825,0.007103609171303651
0.0004384330603063346,0.00039304716776175175,0.0003630253647946128
