Column1,Column2
0.44684616181608333,Infections
0.024755864706364723,YLL
0.0014155122795753508,Deaths
