Column1,Column2,Column3
0.35880373831461077,0.39053575465144874,0.5036585742630116
0.02092265131202462,0.019383786188278754,0.022106329923231374
0.001229977922513789,0.0011601762945547599,0.0010463209902486388
