Column1,Column2,Column3
0.3617255391113426,0.3944283629022731,0.407534965888837
0.021183992485590462,0.019348087180427336,0.01976636778205777
0.0012384008854156674,0.001129014367023782,0.0010835703617385597
