Column1,Column2
0.4579332762661714,Infections
0.025609257588624722,YLL
0.0014677312106032934,Deaths
