Column1,Column2
0.37282819282438917,Infections
0.0203842841914407,YLL
0.0011704219698616056,Deaths
