Column1,Column2,Column3
0.250662664915255,0.269222494299581,0.2758675108202509
0.013442018879099033,0.01276684444374494,0.013118869874018958
0.0007882336695893566,0.0007695999346729403,0.0007515252607528358
