Column1,Column2
0.5804407382163521,Infections
0.03520779524637528,YLL
0.0020618084604583707,Deaths
