Column1,Column2,Column3
0.28579797681813013,0.3234569302187803,0.4214382716950949
0.015299407659181377,0.014790532470297948,0.014530082409108209
0.0009067824791804426,0.0008923286225363601,0.0007064953143208205
