Column1,Column2,Column3
0.25075680086867785,0.28629735230398884,0.35544940982919787
0.013392757382361242,0.01165003477708189,0.012486189456928932
0.0007854340839915135,0.0006932599594635311,0.0006299983898907036
