Column1,Column2
0.38904717005200506,Infections
0.020850680482917494,YLL
0.0011790937453375313,Deaths
