Column1,Column2,Column3
0.339050538157529,0.46075722802706476,0.4591613698715265
0.02054309733219552,0.018298525598882624,0.018247835709349795
0.0012008631313755523,0.0008856392993258386,0.0008827506936828867
