Column1,Column2,Column3
0.2346041184099796,0.25256550531156413,0.29174606499337635
0.011716464599791785,0.010542501513746508,0.011093735178125069
0.0006903463941246616,0.0006274776158647593,0.0005764227758498623
