Column1,Column2
0.36753303977522456,Infections
0.01887247517088106,YLL
0.0010614488028534317,Deaths
