Column1,Column2,Column3
0.002773004782604043,0.0002733065964513726,0.003931100740349676
0.09814845943956099,0.0033251791326875746,0.004157774905042554
0.030811047112655247,0.0019406261344203021,0.0023429619267503203
0.47971652887691446,0.32788922566398526,0.18950068659915784
0.005733891286607005,0.003283241543714058,0.005187210865661158
0.37709934118222455,0.35721102292847695,0.1886791810889609
0.005581664003721698,0.295960766522836,0.40540686988861896
0.00013606331571183503,0.010116631477428582,0.20079421398545855
