Column1,Column2
0.3736460270600385,Infections
0.01911099063818174,YLL
0.0010578687064672124,Deaths
