Column1,Column2,Column3
0.2504931852615875,0.28691182350871125,0.3450047277772082
0.013424913018395521,0.011644596096138727,0.012235871819009592
0.0007870920779107692,0.0006918809292815813,0.0006262297970037246
