Column1,Column2,Column3
0.3165044333651772,0.46947739131913374,0.4706378967771353
0.01870866976235748,0.015127587705474798,0.015136029501836071
0.0011064760700554423,0.0006339275762429642,0.0006339033796205935
