Column1,Column2
0.5498617320054591,Infections
0.033405616547666925,YLL
0.0019475072669093575,Deaths
