Column1,Column2,Column3
0.28500921784000516,0.3233318838096775,0.41987878448385074
0.015229361442075694,0.014824414757715003,0.014487427245012103
0.0009017900803078484,0.0008905486461051524,0.0007049416356028917
