Column1,Column2,Column3
0.32344990639126064,0.34373674032090784,0.3882291985331413
0.018005852750965442,0.017090366664469475,0.017038731733152332
0.0010599254468809578,0.0010104857333845907,0.000898074158867077
