Column1,Column2,Column3
0.3284123132266529,0.49919145580260055,0.427229476336139
0.01990794173912978,0.021348578189195243,0.022586860965108885
0.001138412522549058,0.0010656887663340467,0.0011340281459678728
