Column1,Column2,Column3
0.34376838289377837,0.34767155852126536,0.37953804927629536
0.016661770256819076,0.016816353480218392,0.018669401209321118
0.0008529149008513783,0.000878319705633773,0.0009703639883861554
