Column1,Column2,Column3
0.19002580747891162,0.26275278683467423,0.27824526207827044
0.007201294334159282,0.009337591295072643,0.011210528294019634
0.0003897215166167466,0.0004810853966157253,0.000535540962540529
