Column1,Column2,Column3
0.17233187484010487,0.2171831647622121,0.2216990114845523
0.006245303999526124,0.007441208583673446,0.008287955813066317
0.00033297142425344297,0.00036938400645847053,0.00039849151118836096
