Column1,Column2,Column3
0.4041262355092389,0.48407324976292737,0.4821840435227788
0.02320676759185441,0.025177510531815956,0.025631231346375134
0.0012233822167310904,0.0014947405820958347,0.0012911407990319876
