Column1,Column2,Column3
0.3458068802145742,0.381095625007988,0.3660890957583536
0.017278001222082614,0.018421668064969574,0.017539311127072292
0.000950431325245467,0.0009497866362469357,0.0009588516420372326
