Column1,Column2,Column3
0.28914678053551474,0.4114476432864425,0.40920725770559235
0.013859661186432538,0.018264284464793813,0.019259626754322183
0.0007362565777873553,0.0009763085867327036,0.0009352514874415483
