Column1,Column2,Column3
0.39100739573797333,0.36096064996303134,0.29381144494284056
0.022415031232125238,0.018328828722523685,0.014385062652849832
0.0012575905381428736,0.0010395459741476508,0.0008045154886156185
