Column1,Column2,Column3
0.09455312469353311,0.09509744604723933,0.0959026208240201
0.0010171026632752403,0.0009809360593624565,0.0010050094511524783
5.8691972438704e-5,5.716545381088721e-5,5.5846252362475976e-5
