Column1,Column2,Column3
0.3750921670179501,0.49397004864717375,0.5863516023532668
0.024949131551608498,0.01994498634872007,0.021589820059357303
0.0015120885031715435,0.0011951632058629584,0.0009431304908643521
