Column1,Column2,Column3
0.1236527428043259,0.12727184214875886,0.13517132358811923
0.0029907030054683497,0.002773819976072564,0.0028392701738801478
0.00016598754724696019,0.00015677545939385526,0.0001504702584063239
