Column1,Column2,Column3
0.21434626174456614,0.23811346844024844,0.28344900201001594
0.010266036326845371,0.009082701819402185,0.009445799995376588
0.0005945126630131228,0.0005370531751568744,0.0004874669500824628
