Column1,Column2,Column3
0.34403159072951695,0.381856129327658,0.47746026868553465
0.020003944186780843,0.017792810599565962,0.020002413940345232
0.0011722710834833902,0.001048825281603271,0.0009507820136138201
