Column1,Column2
0.4172050550875165,Infections
0.02172085226265076,YLL
0.0012324294489943436,Deaths
