Column1,Column2,Column3
0.30257453868993067,0.40250493710264557,0.5098081252391056
0.01701930897946276,0.014427973558041067,0.016900880693627145
0.0010063388539375974,0.0008309069693519051,0.0007227708291623156
