Column1,Column2,Column3
0.19467257885084577,0.21239423039161817,0.23022389566793997
0.00836426896577603,0.007445502345650471,0.007694014279602779
0.00047964390634018614,0.00043640489251344747,0.00040295871270989514
