Column1,Column2,Column3
0.2505795354852197,0.2859885300160452,0.40347556575695614
0.013426765329603029,0.011652620630935967,0.013668678236576083
0.0007870392498960253,0.0006938376234432003,0.0006220502667590406
