Column1,Column2,Column3
0.3196556186033027,0.41232490867010524,0.5320374483388298
0.01998244984696057,0.016465491214955726,0.018692131604824243
0.001195728257896094,0.0009679561279964215,0.0008092604892097517
