Column1,Column2,Column3
0.28382587968444356,0.3641113151939248,0.46732082634700733
0.016583884571093863,0.014000399695005702,0.016266135576629148
0.000982267600105622,0.0008114065133344264,0.0007238115019230345
