Column1,Column2,Column3
0.22076240554671095,0.2456515916898266,0.2915821183885386
0.010668537173554607,0.009401452134982915,0.009756799536660825
0.0006188084428008964,0.0005567393913910412,0.0005036595725035756
