Column1,Column2,Column3
0.28681941977033804,0.28609680715688596,0.28295843240242524
0.015405153271645445,0.014857528675828438,0.014616309305091484
0.0009127946895809561,0.0008877928268863536,0.0008781382547900299
