Column1,Column2,Column3
0.38280227465300987,0.514961305693561,0.5652728095109296
0.02380315240212307,0.02068932758030307,0.020605292684561717
0.0014385141649655778,0.0010958315094020715,0.0009586917733270125
