Column1,Column2,Column3
0.374669981226131,0.44154536848547626,0.46943118508867643
0.021613932966140944,0.020742148833690507,0.019524848552779864
0.0012744110657415923,0.0011730080899055666,0.0010086337087282064
