Column1,Column2,Column3
0.340281179152198,0.4826699258541767,0.5010225200618973
0.019180612862268007,0.01801077913316049,0.016889016103171228
0.001135834139800735,0.0009458273021632001,0.0008152945956226407
