Column1,Column2,Column3
0.14237537048548124,0.14410602425087038,0.15248324858037923
0.004226186311598704,0.0041690354187269105,0.004413472560744338
0.0002385363419156652,0.00023682100165020343,0.00022598585971183351
