Column1,Column2,Column3
0.4663733524011908,0.5230632602284178,0.5758525628270452
0.027914356815407076,0.027041493955465016,0.028056067302994883
0.001659361146676817,0.0016117283467775526,0.0014243116604530112
