Column1,Column2,Column3
0.4038496317520759,0.44403651284273704,0.46008302589566274
0.023590055132303216,0.022431618519189515,0.021690046291223397
0.001384584145416716,0.0012874776218993649,0.00117708704625044
