Column1,Column2,Column3
0.39985416202140667,0.4923985226989191,0.519578358632807
0.023691207539068167,0.02130486051255143,0.02101649949526664
0.0014068572571622065,0.0011492898136430713,0.001050033462626984
