Column1,Column2,Column3
0.3273846013317595,0.4258081310936313,0.4752000244009378
0.01902538075699317,0.017837790302641,0.016764380822350548
0.0011370454958571123,0.000982952175588645,0.0008154786880840909
