Column1,Column2,Column3
0.40388268249008363,0.5689718167467959,0.6066497273288408
0.022717828505488716,0.019297805366467403,0.019736917018334504
0.0013587314482770962,0.0009946941311597605,0.0009162532545810259
