Column1,Column2,Column3
0.13837645929809442,0.14384247789119753,0.1505575219699123
0.004158492499514476,0.003811292953454913,0.0039040998638999276
0.00023266545935956548,0.00021748511148350682,0.00020799118610686758
