Column1,Column2
0.18040613217108284,Infections
0.006016530366725545,YLL
0.0003178988024353405,Deaths
