Column1,Column2
0.18580112101028068,Infections
0.00639660890779907,YLL
0.000339599939301551,Deaths
