Column1,Column2,Column3
0.4332712017867425,0.4429113030494632,0.5307495572863953
0.025365115033416027,0.024843326821107577,0.026997170525984496
0.0014979840328297159,0.0014790802450109402,0.0013562811960849339
