Column1,Column2,Column3
0.2943230710875859,0.3447188232920218,0.459611021790077
0.01654959992366908,0.014758674251746644,0.01738997610412188
0.000970766036890395,0.0008723279540473413,0.0007895446585411931
