Column1,Column2,Column3
0.40232374386308367,0.41472889186988127,0.5091137036253915
0.02351068325429911,0.022600811421128783,0.02465845751458494
0.0013866229933002382,0.0013485841810597582,0.0012268145853886875
