Column1,Column2,Column3
0.2002219152731341,0.22927063422232394,0.2853950797457984
0.009633034113185694,0.007921232486926928,0.008226226744483778
0.0005662015669743574,0.0004667115303899751,0.0004089856714174877
