Column1,Column2,Column3
0.29689683861968985,0.33172109585740234,0.3505213898154313
0.01660519064909644,0.014860698696354865,0.01537659731719882
0.0009725956385222151,0.0008760300397847628,0.0008231466870445095
