Column1,Column2,Column3
0.23380396959048727,0.31305738514823994,0.41321500225611846
0.012172169121805082,0.01030926821736375,0.012531335315374184
0.0007143660435739417,0.0005891331169660041,0.0005196038410255085
