Column1,Column2,Column3
0.40108227256363566,0.42994424821832855,0.44580391135195124
0.023790682630887985,0.022047613042668696,0.022585368545003606
0.001390771567181755,0.0012857250984939822,0.0012473323308588584
