Column1,Column2,Column3
0.3437394603777046,0.3778579022231066,0.39131262050122795
0.019911876745218177,0.01811199881280696,0.018587740241362716
0.001164637431497446,0.0010597624998640097,0.0010118775008780972
