Column1,Column2,Column3
0.2604887465715263,0.294041319043379,0.3479813600690592
0.01411709565847483,0.012344450799709252,0.012904622794008296
0.0008270676051932818,0.0007345451763868822,0.0006702194595245126
