Column1,Column2,Column3
0.33295356546190097,0.41860384725164745,0.548342602423418
0.020864993099747067,0.017115469851472317,0.019355347733026943
0.001250617084138352,0.0010143236965849346,0.0008371969354657816
