Column1,Column2
0.6317384428790201,Infections
0.041153336159308954,YLL
0.0024656495015813306,Deaths
