Column1,Column2
0.4527216110661917,Infections
0.025747055385561497,YLL
0.0014920954695927151,Deaths
