Column1,Column2,Column3
0.3409354454388379,0.40070443688302837,0.510551249082716
0.020282653593264477,0.01688626775948671,0.019551886982080526
0.001178387010833391,0.0009809019116369675,0.0008714327958326096
