Column1,Column2,Column3
0.3056994563965239,0.36821204771004445,0.47937864778508105
0.017578058228488107,0.014849502349657753,0.01765246472079863
0.001025199430764882,0.0008603676081791634,0.0007835393755140967
