Column1,Column2,Column3
0.23288684428594952,0.2650761335021811,0.3245068416004423
0.012018705644480893,0.010559918936037692,0.010916691334937407
0.0007070612532370283,0.0006314534865395119,0.0005637259951615173
