Column1,Column2,Column3
0.3057565602171244,0.36804168165944173,0.4818090836804208
0.017581820452079268,0.014846631069327348,0.017633744498391724
0.0010253342113995495,0.0008599141747406028,0.000781670550522037
